{
  "version": 1,
  "author": "Anonymous maker",
  "editor": "wokwi",
  "parts": [
    { "type": "wokwi-esp32-devkit-v1", "id": "esp", "top": 0, "left": 0, "attrs": {} },
    {
      "type": "wokwi-led",
      "id": "led1",
      "top": -46.93,
      "left": 154.07,
      "attrs": { "color": "red" }
    },
    {
      "type": "wokwi-buzzer",
      "id": "bz1",
      "top": -89.6,
      "left": 246.73,
      "attrs": { "volume": "0.1" }
    },
    {
      "type": "wokwi-ntc-temperature-sensor",
      "id": "ntc1",
      "top": -43.4,
      "left": -264.73,
      "attrs": {}
    },
    { "type": "wokwi-pir-motion-sensor", "id": "pir1", "top": -132, "left": -90.18, "attrs": {} }
  ],
  "connections": [
    [ "esp:TX0", "$serialMonitor:RX", "", [] ],
    [ "esp:RX0", "$serialMonitor:TX", "", [] ],
    [ "led1:C", "esp:GND.1", "green", [ "v0" ] ],
    [ "led1:A", "esp:D5", "green", [ "v0" ] ],
    [ "bz1:1", "esp:GND.1", "green", [ "v0" ] ],
    [ "bz1:2", "esp:D4", "green", [ "v0" ] ],
    [ "ntc1:VCC", "esp:3V3", "red", [ "h0" ] ],
    [ "ntc1:OUT", "esp:D12", "green", [ "h0" ] ],
    [ "ntc1:GND", "esp:GND.2", "black", [ "h0" ] ],
    [ "pir1:GND", "esp:GND.2", "black", [ "v0" ] ],
    [ "pir1:VCC", "esp:3V3", "red", [ "v0" ] ],
    [ "pir1:OUT", "esp:D13", "green", [ "v0" ] ]
  ],
  "dependencies": {}
}